,gold,copper,aluminum,cocoa,coffee,cotton,crude_oil,natural_gas
gold,1.0,0.22562237552579822,0.1323257484336928,0.07419285685707645,0.10632198321874059,0.05875256374519956,0.0961136777205599,0.009123638254332347
copper,0.22562237552579822,1.0,0.4262966148093161,0.07087560029206953,0.1673630375435607,0.22594303352998418,0.27628180742521247,0.042798728743966
aluminum,0.1323257484336928,0.4262966148093161,1.0,0.06480129824118663,0.10791633299687171,0.1423178652212251,0.2078846755102666,0.040230654804535755
cocoa,0.07419285685707645,0.07087560029206953,0.06480129824118663,1.0,0.12126394613820461,0.0360866254873917,0.0721840099855159,-0.004697152015498624
coffee,0.10632198321874059,0.1673630375435607,0.10791633299687171,0.12126394613820461,1.0,0.1271012203191228,0.1275843707818089,0.04657918905257544
cotton,0.05875256374519956,0.22594303352998418,0.1423178652212251,0.0360866254873917,0.1271012203191228,1.0,0.1907547452618228,0.05068795083101679
crude_oil,0.0961136777205599,0.27628180742521247,0.2078846755102666,0.0721840099855159,0.1275843707818089,0.1907547452618228,1.0,0.09777261135982927
natural_gas,0.009123638254332347,0.042798728743966,0.040230654804535755,-0.004697152015498624,0.04657918905257544,0.05068795083101679,0.09777261135982927,1.0
