Model,Train MAE,Train RMSE,Test MAE,Test RMSE
XGBoost,0.00017447639516578493,0.00025720682681562557,0.001729118586359711,0.005203424543648516
Neural Network,0.008099276178043534,0.01484406599137469,0.04420745622672151,0.06176790940331947
Ridge Regression,4.370630530552253e-05,5.767391650157757e-05,5.5631973385876686e-05,8.205974303789657e-05
GARCH (Baseline),,,18.85276245525401,18.852847888153345
