Model,Train MAE,Train RMSE,Test MAE,Test RMSE
XGBoost,0.00025856825899215214,0.00035506985816254137,0.05755525165982134,0.15070930270492086
Neural Network,0.01002761249811195,0.016025367839945792,0.07843278261985696,0.16853058761196094
Ridge Regression,8.393117589705314e-05,0.00011184679276744843,0.00014953625895669338,0.00029503245466037367
GARCH (Baseline),,,36.34092728111072,36.34156639566387
