Model,Train MAE,Train RMSE,Test MAE,Test RMSE
XGBoost,0.00020785653262962305,0.0003265708248708938,0.020466883809000202,0.0868413901643183
Neural Network,0.017380091038602004,0.037964610972453856,0.07592991630184227,0.19201583153889096
Ridge Regression,4.7763345110752906e-05,6.81838932965298e-05,8.234374600078416e-05,0.00015347999784489903
GARCH (Baseline),,,21.267798932810095,21.268191766852443
