Model,Train MAE,Train RMSE,Test MAE,Test RMSE
XGBoost,0.0002671464216057845,0.0003847176298503714,0.0012969184447589272,0.0040174901803195304
Neural Network,0.007934747752092516,0.016056044719687204,0.04409723012306435,0.06210261632744917
Ridge Regression,0.00010237233422869755,0.00012982015166220208,0.00012096385480687184,0.00018054487490525977
GARCH (Baseline),,,30.366459263558085,30.366534060341223
