Model,Train MAE,Train RMSE,Test MAE,Test RMSE
XGBoost,0.00019843615431088172,0.00031731657428185644,0.07167430488805802,0.1093310604882883
Neural Network,0.00846682247482491,0.013836862121927451,0.05853586934515872,0.08221666930998739
Ridge Regression,9.389756655736303e-05,0.0001542101070556786,0.00013552540436618637,0.00018324057008099376
GARCH (Baseline),,,15.554924155594621,15.555074180339336
