Model,Train MAE,Train RMSE,Test MAE,Test RMSE
XGBoost,0.00016710705786028506,0.0002587193865829482,0.000338102064783789,0.0007357636573119566
Neural Network,0.011956709371123801,0.02300155775288298,0.034508571453305346,0.047307123138676625
Ridge Regression,7.176384007227084e-05,0.00010344726543066435,6.37911552066435e-05,8.802106083523354e-05
GARCH (Baseline),,,15.246277447585857,15.246305579262781
