Model,Train MAE,Train RMSE,Test MAE,Test RMSE
XGBoost,0.0006480407938432974,0.0010171104622761027,0.0011778242584556742,0.0028007988851345414
Neural Network,0.017670261481047337,0.025810907716212292,0.02933208424667469,0.0406930602784018
Ridge Regression,0.000494149137025276,0.0008362770837449412,0.00044350484838010575,0.0006084839706242187
GARCH (Baseline),,,26.95102921303273,26.951291744936196
